{
  "project_info": {
    "project_number": "130537158065",
    "project_id": "e-exams-93165",
    "storage_bucket": "e-exams-93165.appspot.com"
  },
  "client": [
    {
      "client_info": {
        "mobilesdk_app_id": "1:130537158065:android:c8fdd4e037200062c9b990",
        "android_client_info": {
          "package_name": "com.example.e_exams"
        }
      },
      "oauth_client": [
        {
          "client_id": "130537158065-utt20291goabcrvljjsilk7s504jji9j.apps.googleusercontent.com",
          "client_type": 3
        }
      ],
      "api_key": [
        {
          "current_key": "AIzaSyD5gdYBt4uzVhRAGuAa_-3oJ90HfVgXPNM"
        }
      ],
      "services": {
        "appinvite_service": {
          "other_platform_oauth_client": [
            {
              "client_id": "130537158065-utt20291goabcrvljjsilk7s504jji9j.apps.googleusercontent.com",
              "client_type": 3
            }
          ]
        }
      }
    }
  ],
  "configuration_version": "1"
}